student_id,date,hours_studied,energy_level,memes_shared
S001,2024-10-11 17:10:14.193028,5.468457792098571,6.1015454226413794,14.0
S001,2024-10-12 17:10:14.193028,5.468457792098571,6.1015454226413794,14.0
S001,2024-10-13 17:10:14.193028,5.468457792098571,6.1015454226413794,14.0
S001,2024-10-14 17:10:14.193028,5.468457792098571,6.1015454226413794,14.0
S001,2024-10-15 17:10:14.193028,5.468457792098571,6.1015454226413794,14.0
S001,2024-10-16 17:10:14.193028,5.468457792098571,6.1015454226413794,14.0
S001,2024-10-17 17:10:14.193028,5.468457792098571,6.1015454226413794,14.0
S002,2024-10-11 17:10:14.193028,2.693224389764214,3.8878886477317978,12.5
S002,2024-10-12 17:10:14.193028,2.693224389764214,3.8878886477317978,12.5
S002,2024-10-13 17:10:14.193028,2.693224389764214,3.8878886477317978,12.5
S002,2024-10-14 17:10:14.193028,2.693224389764214,3.8878886477317978,12.5
S002,2024-10-15 17:10:14.193028,2.693224389764214,3.8878886477317978,12.5
S002,2024-10-16 17:10:14.193028,2.693224389764214,3.8878886477317978,12.5
S002,2024-10-17 17:10:14.193028,2.693224389764214,3.8878886477317978,12.5
S003,2024-10-11 17:10:14.193028,7.399748256119568,6.416434327938296,13.0
S003,2024-10-12 17:10:14.193028,7.399748256119568,6.416434327938296,13.0
S003,2024-10-13 17:10:14.193028,7.399748256119568,6.416434327938296,13.0
S003,2024-10-14 17:10:14.193028,7.399748256119568,6.416434327938296,13.0
S003,2024-10-15 17:10:14.193028,7.399748256119568,6.416434327938296,13.0
S003,2024-10-16 17:10:14.193028,7.399748256119568,6.416434327938296,13.0
S003,2024-10-17 17:10:14.193028,7.399748256119568,6.416434327938296,13.0
S004,2024-10-11 17:10:14.193028,2.2983241782780355,3.952731124186906,12.5
S004,2024-10-12 17:10:14.193028,2.2983241782780355,3.952731124186906,12.5
S004,2024-10-13 17:10:14.193028,2.2983241782780355,3.952731124186906,12.5
S004,2024-10-14 17:10:14.193028,2.2983241782780355,3.952731124186906,12.5
S004,2024-10-15 17:10:14.193028,2.2983241782780355,3.952731124186906,12.5
S004,2024-10-16 17:10:14.193028,2.2983241782780355,3.952731124186906,12.5
S004,2024-10-17 17:10:14.193028,2.2983241782780355,3.952731124186906,12.5
S005,2024-10-11 17:10:14.193028,4.004255409711939,4.58873411847382,12.0
S005,2024-10-12 17:10:14.193028,4.004255409711939,4.58873411847382,12.0
S005,2024-10-13 17:10:14.193028,4.004255409711939,4.58873411847382,12.0
S005,2024-10-14 17:10:14.193028,4.004255409711939,4.58873411847382,12.0
S005,2024-10-15 17:10:14.193028,4.004255409711939,4.58873411847382,12.0
S005,2024-10-16 17:10:14.193028,4.004255409711939,4.58873411847382,12.0
S005,2024-10-17 17:10:14.193028,4.004255409711939,4.58873411847382,12.0
S006,2024-10-11 17:10:14.193028,5.039005770532208,9.58534327408448,10.5
S006,2024-10-12 17:10:14.193028,5.039005770532208,9.58534327408448,10.5
S006,2024-10-13 17:10:14.193028,5.039005770532208,9.58534327408448,10.5
S006,2024-10-14 17:10:14.193028,5.039005770532208,9.58534327408448,10.5
S006,2024-10-15 17:10:14.193028,5.039005770532208,9.58534327408448,10.5
S006,2024-10-16 17:10:14.193028,5.039005770532208,9.58534327408448,10.5
S006,2024-10-17 17:10:14.193028,5.039005770532208,9.58534327408448,10.5
S007,2024-10-11 17:10:14.193028,5.079596611621459,6.831545020584109,13.0
S007,2024-10-12 17:10:14.193028,5.079596611621459,6.831545020584109,13.0
S007,2024-10-13 17:10:14.193028,5.079596611621459,6.831545020584109,13.0
S007,2024-10-14 17:10:14.193028,5.079596611621459,6.831545020584109,13.0
S007,2024-10-15 17:10:14.193028,5.079596611621459,6.831545020584109,13.0
S007,2024-10-16 17:10:14.193028,5.079596611621459,6.831545020584109,13.0
S007,2024-10-17 17:10:14.193028,5.079596611621459,6.831545020584109,13.0
S008,2024-10-11 17:10:14.193028,7.678015133230924,7.685698202369991,12.5
S008,2024-10-12 17:10:14.193028,7.678015133230924,7.685698202369991,12.5
S008,2024-10-13 17:10:14.193028,7.678015133230924,7.685698202369991,12.5
S008,2024-10-14 17:10:14.193028,7.678015133230924,7.685698202369991,12.5
S008,2024-10-15 17:10:14.193028,7.678015133230924,7.685698202369991,12.5
S008,2024-10-16 17:10:14.193028,7.678015133230924,7.685698202369991,12.5
S008,2024-10-17 17:10:14.193028,7.678015133230924,7.685698202369991,12.5
S009,2024-10-11 17:10:14.193028,6.770884827544423,7.518769632669068,12.0
S009,2024-10-12 17:10:14.193028,6.770884827544423,7.518769632669068,12.0
S009,2024-10-13 17:10:14.193028,6.770884827544423,7.518769632669068,12.0
S009,2024-10-14 17:10:14.193028,6.770884827544423,7.518769632669068,12.0
S009,2024-10-15 17:10:14.193028,6.770884827544423,7.518769632669068,12.0
S009,2024-10-16 17:10:14.193028,6.770884827544423,7.518769632669068,12.0
S009,2024-10-17 17:10:14.193028,6.770884827544423,7.518769632669068,12.0
S010,2024-10-11 17:10:14.193028,3.30837958740595,5.208188723407921,12.0
S010,2024-10-12 17:10:14.193028,3.30837958740595,5.208188723407921,12.0
S010,2024-10-13 17:10:14.193028,3.30837958740595,5.208188723407921,12.0
S010,2024-10-14 17:10:14.193028,3.30837958740595,5.208188723407921,12.0
S010,2024-10-15 17:10:14.193028,3.30837958740595,5.208188723407921,12.0
S010,2024-10-16 17:10:14.193028,3.30837958740595,5.208188723407921,12.0
S010,2024-10-17 17:10:14.193028,3.30837958740595,5.208188723407921,12.0
S011,2024-10-11 17:10:14.193028,3.462293594748541,6.473871903591651,14.0
S011,2024-10-12 17:10:14.193028,3.462293594748541,6.473871903591651,14.0
S011,2024-10-13 17:10:14.193028,3.462293594748541,6.473871903591651,14.0
S011,2024-10-14 17:10:14.193028,3.462293594748541,6.473871903591651,14.0
S011,2024-10-15 17:10:14.193028,3.462293594748541,6.473871903591651,14.0
S011,2024-10-16 17:10:14.193028,3.462293594748541,6.473871903591651,14.0
S011,2024-10-17 17:10:14.193028,3.462293594748541,6.473871903591651,14.0
S012,2024-10-11 17:10:14.193028,3.6249026439826006,4.074709437539784,14.5
S012,2024-10-12 17:10:14.193028,3.6249026439826006,4.074709437539784,14.5
S012,2024-10-13 17:10:14.193028,3.6249026439826006,4.074709437539784,14.5
S012,2024-10-14 17:10:14.193028,3.6249026439826006,4.074709437539784,14.5
S012,2024-10-15 17:10:14.193028,3.6249026439826006,4.074709437539784,14.5
S012,2024-10-16 17:10:14.193028,3.6249026439826006,4.074709437539784,14.5
S012,2024-10-17 17:10:14.193028,3.6249026439826006,4.074709437539784,14.5
S013,2024-10-11 17:10:14.193028,4.953206542110657,6.339720947197197,10.5
S013,2024-10-12 17:10:14.193028,4.953206542110657,6.339720947197197,10.5
S013,2024-10-13 17:10:14.193028,4.953206542110657,6.339720947197197,10.5
S013,2024-10-14 17:10:14.193028,4.953206542110657,6.339720947197197,10.5
S013,2024-10-15 17:10:14.193028,4.953206542110657,6.339720947197197,10.5
S013,2024-10-16 17:10:14.193028,4.953206542110657,6.339720947197197,10.5
S013,2024-10-17 17:10:14.193028,4.953206542110657,6.339720947197197,10.5
S014,2024-10-11 17:10:14.193028,2.0551720296424003,4.089229306077476,10.5
S014,2024-10-12 17:10:14.193028,2.0551720296424003,4.089229306077476,10.5
S014,2024-10-13 17:10:14.193028,2.0551720296424003,4.089229306077476,10.5
S014,2024-10-14 17:10:14.193028,2.0551720296424003,4.089229306077476,10.5
S014,2024-10-15 17:10:14.193028,2.0551720296424003,4.089229306077476,10.5
S014,2024-10-16 17:10:14.193028,2.0551720296424003,4.089229306077476,10.5
S014,2024-10-17 17:10:14.193028,2.0551720296424003,4.089229306077476,10.5
S015,2024-10-11 17:10:14.193028,2.822165662061618,5.306065902057014,11.0
S015,2024-10-12 17:10:14.193028,2.822165662061618,5.306065902057014,11.0
S015,2024-10-13 17:10:14.193028,2.822165662061618,5.306065902057014,11.0
S015,2024-10-14 17:10:14.193028,2.822165662061618,5.306065902057014,11.0
S015,2024-10-15 17:10:14.193028,2.822165662061618,5.306065902057014,11.0
S015,2024-10-16 17:10:14.193028,2.822165662061618,5.306065902057014,11.0
S015,2024-10-17 17:10:14.193028,2.822165662061618,5.306065902057014,11.0
S016,2024-10-11 17:10:14.193028,2.410656890206422,3.043983314633922,15.5
S016,2024-10-12 17:10:14.193028,2.410656890206422,3.043983314633922,15.5
S016,2024-10-13 17:10:14.193028,2.410656890206422,3.043983314633922,15.5
S016,2024-10-14 17:10:14.193028,2.410656890206422,3.043983314633922,15.5
S016,2024-10-15 17:10:14.193028,2.410656890206422,3.043983314633922,15.5
S016,2024-10-16 17:10:14.193028,2.410656890206422,3.043983314633922,15.5
S016,2024-10-17 17:10:14.193028,2.410656890206422,3.043983314633922,15.5
S017,2024-10-11 17:10:14.193028,3.2563115746762192,6.657647783699839,12.5
S017,2024-10-12 17:10:14.193028,3.2563115746762192,6.657647783699839,12.5
S017,2024-10-13 17:10:14.193028,3.2563115746762192,6.657647783699839,12.5
S017,2024-10-14 17:10:14.193028,3.2563115746762192,6.657647783699839,12.5
S017,2024-10-15 17:10:14.193028,3.2563115746762192,6.657647783699839,12.5
S017,2024-10-16 17:10:14.193028,3.2563115746762192,6.657647783699839,12.5
S017,2024-10-17 17:10:14.193028,3.2563115746762192,6.657647783699839,12.5
S018,2024-10-11 17:10:14.193028,4.214100849279111,3.6651334750243176,12.5
S018,2024-10-12 17:10:14.193028,4.214100849279111,3.6651334750243176,12.5
S018,2024-10-13 17:10:14.193028,4.214100849279111,3.6651334750243176,12.5
S018,2024-10-14 17:10:14.193028,4.214100849279111,3.6651334750243176,12.5
S018,2024-10-15 17:10:14.193028,4.214100849279111,3.6651334750243176,12.5
S018,2024-10-16 17:10:14.193028,4.214100849279111,3.6651334750243176,12.5
S018,2024-10-17 17:10:14.193028,4.214100849279111,3.6651334750243176,12.5
S019,2024-10-11 17:10:14.193028,2.736047329043963,5.412608437865552,14.5
S019,2024-10-12 17:10:14.193028,2.736047329043963,5.412608437865552,14.5
S019,2024-10-13 17:10:14.193028,2.736047329043963,5.412608437865552,14.5
S019,2024-10-14 17:10:14.193028,2.736047329043963,5.412608437865552,14.5
S019,2024-10-15 17:10:14.193028,2.736047329043963,5.412608437865552,14.5
S019,2024-10-16 17:10:14.193028,2.736047329043963,5.412608437865552,14.5
S019,2024-10-17 17:10:14.193028,2.736047329043963,5.412608437865552,14.5
S020,2024-10-11 17:10:14.193028,7.157137715552737,7.4226908658597965,13.5
S020,2024-10-12 17:10:14.193028,7.157137715552737,7.4226908658597965,13.5
S020,2024-10-13 17:10:14.193028,7.157137715552737,7.4226908658597965,13.5
S020,2024-10-14 17:10:14.193028,7.157137715552737,7.4226908658597965,13.5
S020,2024-10-15 17:10:14.193028,7.157137715552737,7.4226908658597965,13.5
S020,2024-10-16 17:10:14.193028,7.157137715552737,7.4226908658597965,13.5
S020,2024-10-17 17:10:14.193028,7.157137715552737,7.4226908658597965,13.5
S021,2024-10-11 17:10:14.193028,4.810489217974274,5.654684661450593,10.0
S021,2024-10-12 17:10:14.193028,4.810489217974274,5.654684661450593,10.0
S021,2024-10-13 17:10:14.193028,4.810489217974274,5.654684661450593,10.0
S021,2024-10-14 17:10:14.193028,4.810489217974274,5.654684661450593,10.0
S021,2024-10-15 17:10:14.193028,4.810489217974274,5.654684661450593,10.0
S021,2024-10-16 17:10:14.193028,4.810489217974274,5.654684661450593,10.0
S021,2024-10-17 17:10:14.193028,4.810489217974274,5.654684661450593,10.0
S022,2024-10-11 17:10:14.193028,6.785233792100764,7.049056177199301,10.0
S022,2024-10-12 17:10:14.193028,6.785233792100764,7.049056177199301,10.0
S022,2024-10-13 17:10:14.193028,6.785233792100764,7.049056177199301,10.0
S022,2024-10-14 17:10:14.193028,6.785233792100764,7.049056177199301,10.0
S022,2024-10-15 17:10:14.193028,6.785233792100764,7.049056177199301,10.0
S022,2024-10-16 17:10:14.193028,6.785233792100764,7.049056177199301,10.0
S022,2024-10-17 17:10:14.193028,6.785233792100764,7.049056177199301,10.0
S023,2024-10-11 17:10:14.193028,3.7905285467506675,4.985464988804946,15.0
S023,2024-10-12 17:10:14.193028,3.7905285467506675,4.985464988804946,15.0
S023,2024-10-13 17:10:14.193028,3.7905285467506675,4.985464988804946,15.0
S023,2024-10-14 17:10:14.193028,3.7905285467506675,4.985464988804946,15.0
S023,2024-10-15 17:10:14.193028,3.7905285467506675,4.985464988804946,15.0
S023,2024-10-16 17:10:14.193028,3.7905285467506675,4.985464988804946,15.0
S023,2024-10-17 17:10:14.193028,3.7905285467506675,4.985464988804946,15.0
S024,2024-10-11 17:10:14.193028,4.18456626861081,3.300551126943235,14.5
S024,2024-10-12 17:10:14.193028,4.18456626861081,3.300551126943235,14.5
S024,2024-10-13 17:10:14.193028,4.18456626861081,3.300551126943235,14.5
S024,2024-10-14 17:10:14.193028,4.18456626861081,3.300551126943235,14.5
S024,2024-10-15 17:10:14.193028,4.18456626861081,3.300551126943235,14.5
S024,2024-10-16 17:10:14.193028,4.18456626861081,3.300551126943235,14.5
S024,2024-10-17 17:10:14.193028,4.18456626861081,3.300551126943235,14.5
S025,2024-10-11 17:10:14.193028,4.398247636906937,6.276409270696799,13.0
S025,2024-10-12 17:10:14.193028,4.398247636906937,6.276409270696799,13.0
S025,2024-10-13 17:10:14.193028,4.398247636906937,6.276409270696799,13.0
S025,2024-10-14 17:10:14.193028,4.398247636906937,6.276409270696799,13.0
S025,2024-10-15 17:10:14.193028,4.398247636906937,6.276409270696799,13.0
S025,2024-10-16 17:10:14.193028,4.398247636906937,6.276409270696799,13.0
S025,2024-10-17 17:10:14.193028,4.398247636906937,6.276409270696799,13.0
S026,2024-10-11 17:10:14.193028,5.274746219979902,7.443895587760107,13.5
S026,2024-10-12 17:10:14.193028,5.274746219979902,7.443895587760107,13.5
S026,2024-10-13 17:10:14.193028,5.274746219979902,7.443895587760107,13.5
S026,2024-10-14 17:10:14.193028,5.274746219979902,7.443895587760107,13.5
S026,2024-10-15 17:10:14.193028,5.274746219979902,7.443895587760107,13.5
S026,2024-10-16 17:10:14.193028,5.274746219979902,7.443895587760107,13.5
S026,2024-10-17 17:10:14.193028,5.274746219979902,7.443895587760107,13.5
S027,2024-10-11 17:10:14.193028,6.338017318873867,9.80094941528321,12.5
S027,2024-10-12 17:10:14.193028,6.338017318873867,9.80094941528321,12.5
S027,2024-10-13 17:10:14.193028,6.338017318873867,9.80094941528321,12.5
S027,2024-10-14 17:10:14.193028,6.338017318873867,9.80094941528321,12.5
S027,2024-10-15 17:10:14.193028,6.338017318873867,9.80094941528321,12.5
S027,2024-10-16 17:10:14.193028,6.338017318873867,9.80094941528321,12.5
S027,2024-10-17 17:10:14.193028,6.338017318873867,9.80094941528321,12.5
S028,2024-10-11 17:10:14.193028,4.196674659228684,6.491783343505633,11.5
S028,2024-10-12 17:10:14.193028,4.196674659228684,6.491783343505633,11.5
S028,2024-10-13 17:10:14.193028,4.196674659228684,6.491783343505633,11.5
S028,2024-10-14 17:10:14.193028,4.196674659228684,6.491783343505633,11.5
S028,2024-10-15 17:10:14.193028,4.196674659228684,6.491783343505633,11.5
S028,2024-10-16 17:10:14.193028,4.196674659228684,6.491783343505633,11.5
S028,2024-10-17 17:10:14.193028,4.196674659228684,6.491783343505633,11.5
S029,2024-10-11 17:10:14.193028,2.6636283254588067,4.957699854572562,18.0
S029,2024-10-12 17:10:14.193028,2.6636283254588067,4.957699854572562,18.0
S029,2024-10-13 17:10:14.193028,2.6636283254588067,4.957699854572562,18.0
S029,2024-10-14 17:10:14.193028,2.6636283254588067,4.957699854572562,18.0
S029,2024-10-15 17:10:14.193028,2.6636283254588067,4.957699854572562,18.0
S029,2024-10-16 17:10:14.193028,2.6636283254588067,4.957699854572562,18.0
S029,2024-10-17 17:10:14.193028,2.6636283254588067,4.957699854572562,18.0
S030,2024-10-11 17:10:14.193028,4.775744952246997,5.822300690062754,13.0
S030,2024-10-12 17:10:14.193028,4.775744952246997,5.822300690062754,13.0
S030,2024-10-13 17:10:14.193028,4.775744952246997,5.822300690062754,13.0
S030,2024-10-14 17:10:14.193028,4.775744952246997,5.822300690062754,13.0
S030,2024-10-15 17:10:14.193028,4.775744952246997,5.822300690062754,13.0
S030,2024-10-16 17:10:14.193028,4.775744952246997,5.822300690062754,13.0
S030,2024-10-17 17:10:14.193028,4.775744952246997,5.822300690062754,13.0
S031,2024-10-11 17:10:14.193028,2.1018379357573966,6.661953190352167,12.0
S031,2024-10-12 17:10:14.193028,2.1018379357573966,6.661953190352167,12.0
S031,2024-10-13 17:10:14.193028,2.1018379357573966,6.661953190352167,12.0
S031,2024-10-14 17:10:14.193028,2.1018379357573966,6.661953190352167,12.0
S031,2024-10-15 17:10:14.193028,2.1018379357573966,6.661953190352167,12.0
S031,2024-10-16 17:10:14.193028,2.1018379357573966,6.661953190352167,12.0
S031,2024-10-17 17:10:14.193028,2.1018379357573966,6.661953190352167,12.0
S032,2024-10-11 17:10:14.193028,7.5336481956052115,9.448170603957253,14.0
S032,2024-10-12 17:10:14.193028,7.5336481956052115,9.448170603957253,14.0
S032,2024-10-13 17:10:14.193028,7.5336481956052115,9.448170603957253,14.0
S032,2024-10-14 17:10:14.193028,7.5336481956052115,9.448170603957253,14.0
S032,2024-10-15 17:10:14.193028,7.5336481956052115,9.448170603957253,14.0
S032,2024-10-16 17:10:14.193028,7.5336481956052115,9.448170603957253,14.0
S032,2024-10-17 17:10:14.193028,7.5336481956052115,9.448170603957253,14.0
S033,2024-10-11 17:10:14.193028,5.690026511863109,8.385079513928211,11.0
S033,2024-10-12 17:10:14.193028,5.690026511863109,8.385079513928211,11.0
S033,2024-10-13 17:10:14.193028,5.690026511863109,8.385079513928211,11.0
S033,2024-10-14 17:10:14.193028,5.690026511863109,8.385079513928211,11.0
S033,2024-10-15 17:10:14.193028,5.690026511863109,8.385079513928211,11.0
S033,2024-10-16 17:10:14.193028,5.690026511863109,8.385079513928211,11.0
S033,2024-10-17 17:10:14.193028,5.690026511863109,8.385079513928211,11.0
S034,2024-10-11 17:10:14.193028,4.0888663276344195,3.3078128065168366,11.5
S034,2024-10-12 17:10:14.193028,4.0888663276344195,3.3078128065168366,11.5
S034,2024-10-13 17:10:14.193028,4.0888663276344195,3.3078128065168366,11.5
S034,2024-10-14 17:10:14.193028,4.0888663276344195,3.3078128065168366,11.5
S034,2024-10-15 17:10:14.193028,4.0888663276344195,3.3078128065168366,11.5
S034,2024-10-16 17:10:14.193028,4.0888663276344195,3.3078128065168366,11.5
S034,2024-10-17 17:10:14.193028,4.0888663276344195,3.3078128065168366,11.5
S035,2024-10-11 17:10:14.193028,6.618473877126012,7.261161351322441,18.5
S035,2024-10-12 17:10:14.193028,6.618473877126012,7.261161351322441,18.5
S035,2024-10-13 17:10:14.193028,6.618473877126012,7.261161351322441,18.5
S035,2024-10-14 17:10:14.193028,6.618473877126012,7.261161351322441,18.5
S035,2024-10-15 17:10:14.193028,6.618473877126012,7.261161351322441,18.5
S035,2024-10-16 17:10:14.193028,6.618473877126012,7.261161351322441,18.5
S035,2024-10-17 17:10:14.193028,6.618473877126012,7.261161351322441,18.5
S036,2024-10-11 17:10:14.193028,2.073202344669614,3.931837899014535,11.5
S036,2024-10-12 17:10:14.193028,2.073202344669614,3.931837899014535,11.5
S036,2024-10-13 17:10:14.193028,2.073202344669614,3.931837899014535,11.5
S036,2024-10-14 17:10:14.193028,2.073202344669614,3.931837899014535,11.5
S036,2024-10-15 17:10:14.193028,2.073202344669614,3.931837899014535,11.5
S036,2024-10-16 17:10:14.193028,2.073202344669614,3.931837899014535,11.5
S036,2024-10-17 17:10:14.193028,2.073202344669614,3.931837899014535,11.5
S037,2024-10-11 17:10:14.193028,3.586811402081636,6.498806690736798,14.5
S037,2024-10-12 17:10:14.193028,3.586811402081636,6.498806690736798,14.5
S037,2024-10-13 17:10:14.193028,3.586811402081636,6.498806690736798,14.5
S037,2024-10-14 17:10:14.193028,3.586811402081636,6.498806690736798,14.5
S037,2024-10-15 17:10:14.193028,3.586811402081636,6.498806690736798,14.5
S037,2024-10-16 17:10:14.193028,3.586811402081636,6.498806690736798,14.5
S037,2024-10-17 17:10:14.193028,3.586811402081636,6.498806690736798,14.5
S038,2024-10-11 17:10:14.193028,3.8825163896551103,4.919502481215636,12.5
S038,2024-10-12 17:10:14.193028,3.8825163896551103,4.919502481215636,12.5
S038,2024-10-13 17:10:14.193028,3.8825163896551103,4.919502481215636,12.5
S038,2024-10-14 17:10:14.193028,3.8825163896551103,4.919502481215636,12.5
S038,2024-10-15 17:10:14.193028,3.8825163896551103,4.919502481215636,12.5
S038,2024-10-16 17:10:14.193028,3.8825163896551103,4.919502481215636,12.5
S038,2024-10-17 17:10:14.193028,3.8825163896551103,4.919502481215636,12.5
S039,2024-10-11 17:10:14.193028,2.7163314373049072,5.9503292063555655,8.0
S039,2024-10-12 17:10:14.193028,2.7163314373049072,5.9503292063555655,8.0
S039,2024-10-13 17:10:14.193028,2.7163314373049072,5.9503292063555655,8.0
S039,2024-10-14 17:10:14.193028,2.7163314373049072,5.9503292063555655,8.0
S039,2024-10-15 17:10:14.193028,2.7163314373049072,5.9503292063555655,8.0
S039,2024-10-16 17:10:14.193028,2.7163314373049072,5.9503292063555655,8.0
S039,2024-10-17 17:10:14.193028,2.7163314373049072,5.9503292063555655,8.0
S040,2024-10-11 17:10:14.193028,2.861716974962245,4.418488630563106,13.0
S040,2024-10-12 17:10:14.193028,2.861716974962245,4.418488630563106,13.0
S040,2024-10-13 17:10:14.193028,2.861716974962245,4.418488630563106,13.0
S040,2024-10-14 17:10:14.193028,2.861716974962245,4.418488630563106,13.0
S040,2024-10-15 17:10:14.193028,2.861716974962245,4.418488630563106,13.0
S040,2024-10-16 17:10:14.193028,2.861716974962245,4.418488630563106,13.0
S040,2024-10-17 17:10:14.193028,2.861716974962245,4.418488630563106,13.0
S041,2024-10-11 17:10:14.193028,2.053621804200241,3.1683727585454475,16.5
S041,2024-10-12 17:10:14.193028,2.053621804200241,3.1683727585454475,16.5
S041,2024-10-13 17:10:14.193028,2.053621804200241,3.1683727585454475,16.5
S041,2024-10-14 17:10:14.193028,2.053621804200241,3.1683727585454475,16.5
S041,2024-10-15 17:10:14.193028,2.053621804200241,3.1683727585454475,16.5
S041,2024-10-16 17:10:14.193028,2.053621804200241,3.1683727585454475,16.5
S041,2024-10-17 17:10:14.193028,2.053621804200241,3.1683727585454475,16.5
S042,2024-10-11 17:10:14.193028,4.8498835518506755,3.8730155514602567,11.5
S042,2024-10-12 17:10:14.193028,4.8498835518506755,3.8730155514602567,11.5
S042,2024-10-13 17:10:14.193028,4.8498835518506755,3.8730155514602567,11.5
S042,2024-10-14 17:10:14.193028,4.8498835518506755,3.8730155514602567,11.5
S042,2024-10-15 17:10:14.193028,4.8498835518506755,3.8730155514602567,11.5
S042,2024-10-16 17:10:14.193028,4.8498835518506755,3.8730155514602567,11.5
S042,2024-10-17 17:10:14.193028,4.8498835518506755,3.8730155514602567,11.5
S043,2024-10-11 17:10:14.193028,4.6373549226864945,4.670323103139713,11.0
S043,2024-10-12 17:10:14.193028,4.6373549226864945,4.670323103139713,11.0
S043,2024-10-13 17:10:14.193028,4.6373549226864945,4.670323103139713,11.0
S043,2024-10-14 17:10:14.193028,4.6373549226864945,4.670323103139713,11.0
S043,2024-10-15 17:10:14.193028,4.6373549226864945,4.670323103139713,11.0
S043,2024-10-16 17:10:14.193028,4.6373549226864945,4.670323103139713,11.0
S043,2024-10-17 17:10:14.193028,4.6373549226864945,4.670323103139713,11.0
S044,2024-10-11 17:10:14.193028,5.69501510415033,9.964674504547906,13.5
S044,2024-10-12 17:10:14.193028,5.69501510415033,9.964674504547906,13.5
S044,2024-10-13 17:10:14.193028,5.69501510415033,9.964674504547906,13.5
S044,2024-10-14 17:10:14.193028,5.69501510415033,9.964674504547906,13.5
S044,2024-10-15 17:10:14.193028,5.69501510415033,9.964674504547906,13.5
S044,2024-10-16 17:10:14.193028,5.69501510415033,9.964674504547906,13.5
S044,2024-10-17 17:10:14.193028,5.69501510415033,9.964674504547906,13.5
S045,2024-10-11 17:10:14.193028,5.661458627210526,6.706112128022033,13.0
S045,2024-10-12 17:10:14.193028,5.661458627210526,6.706112128022033,13.0
S045,2024-10-13 17:10:14.193028,5.661458627210526,6.706112128022033,13.0
S045,2024-10-14 17:10:14.193028,5.661458627210526,6.706112128022033,13.0
S045,2024-10-15 17:10:14.193028,5.661458627210526,6.706112128022033,13.0
S045,2024-10-16 17:10:14.193028,5.661458627210526,6.706112128022033,13.0
S045,2024-10-17 17:10:14.193028,5.661458627210526,6.706112128022033,13.0
S046,2024-10-11 17:10:14.193028,7.907307890422434,6.2313707062535855,13.0
S046,2024-10-12 17:10:14.193028,7.907307890422434,6.2313707062535855,13.0
S046,2024-10-13 17:10:14.193028,7.907307890422434,6.2313707062535855,13.0
S046,2024-10-14 17:10:14.193028,7.907307890422434,6.2313707062535855,13.0
S046,2024-10-15 17:10:14.193028,7.907307890422434,6.2313707062535855,13.0
S046,2024-10-16 17:10:14.193028,7.907307890422434,6.2313707062535855,13.0
S046,2024-10-17 17:10:14.193028,7.907307890422434,6.2313707062535855,13.0
S047,2024-10-11 17:10:14.193028,4.088061854161377,6.032953902816365,10.0
S047,2024-10-12 17:10:14.193028,4.088061854161377,6.032953902816365,10.0
S047,2024-10-13 17:10:14.193028,4.088061854161377,6.032953902816365,10.0
S047,2024-10-14 17:10:14.193028,4.088061854161377,6.032953902816365,10.0
S047,2024-10-15 17:10:14.193028,4.088061854161377,6.032953902816365,10.0
S047,2024-10-16 17:10:14.193028,4.088061854161377,6.032953902816365,10.0
S047,2024-10-17 17:10:14.193028,4.088061854161377,6.032953902816365,10.0
S048,2024-10-11 17:10:14.193028,5.671452844467869,6.897762287346643,14.0
S048,2024-10-12 17:10:14.193028,5.671452844467869,6.897762287346643,14.0
S048,2024-10-13 17:10:14.193028,5.671452844467869,6.897762287346643,14.0
S048,2024-10-14 17:10:14.193028,5.671452844467869,6.897762287346643,14.0
S048,2024-10-15 17:10:14.193028,5.671452844467869,6.897762287346643,14.0
S048,2024-10-16 17:10:14.193028,5.671452844467869,6.897762287346643,14.0
S048,2024-10-17 17:10:14.193028,5.671452844467869,6.897762287346643,14.0
S049,2024-10-11 17:10:14.193028,2.7968001277661183,6.5098434505215215,9.5
S049,2024-10-12 17:10:14.193028,2.7968001277661183,6.5098434505215215,9.5
S049,2024-10-13 17:10:14.193028,2.7968001277661183,6.5098434505215215,9.5
S049,2024-10-14 17:10:14.193028,2.7968001277661183,6.5098434505215215,9.5
S049,2024-10-15 17:10:14.193028,2.7968001277661183,6.5098434505215215,9.5
S049,2024-10-16 17:10:14.193028,2.7968001277661183,6.5098434505215215,9.5
S049,2024-10-17 17:10:14.193028,2.7968001277661183,6.5098434505215215,9.5
S050,2024-10-11 17:10:14.193028,4.86695449468926,6.554992319475909,16.0
S050,2024-10-12 17:10:14.193028,4.86695449468926,6.554992319475909,16.0
S050,2024-10-13 17:10:14.193028,4.86695449468926,6.554992319475909,16.0
S050,2024-10-14 17:10:14.193028,4.86695449468926,6.554992319475909,16.0
S050,2024-10-15 17:10:14.193028,4.86695449468926,6.554992319475909,16.0
S050,2024-10-16 17:10:14.193028,4.86695449468926,6.554992319475909,16.0
S050,2024-10-17 17:10:14.193028,4.86695449468926,6.554992319475909,16.0
S051,2024-10-11 17:10:14.193028,6.118065551036942,7.633812852282794,11.5
S051,2024-10-12 17:10:14.193028,6.118065551036942,7.633812852282794,11.5
S051,2024-10-13 17:10:14.193028,6.118065551036942,7.633812852282794,11.5
S051,2024-10-14 17:10:14.193028,6.118065551036942,7.633812852282794,11.5
S051,2024-10-15 17:10:14.193028,6.118065551036942,7.633812852282794,11.5
S051,2024-10-16 17:10:14.193028,6.118065551036942,7.633812852282794,11.5
S051,2024-10-17 17:10:14.193028,6.118065551036942,7.633812852282794,11.5
S052,2024-10-11 17:10:14.193028,5.660549605849434,6.324184863630592,12.5
S052,2024-10-12 17:10:14.193028,5.660549605849434,6.324184863630592,12.5
S052,2024-10-13 17:10:14.193028,5.660549605849434,6.324184863630592,12.5
S052,2024-10-14 17:10:14.193028,5.660549605849434,6.324184863630592,12.5
S052,2024-10-15 17:10:14.193028,5.660549605849434,6.324184863630592,12.5
S052,2024-10-16 17:10:14.193028,5.660549605849434,6.324184863630592,12.5
S052,2024-10-17 17:10:14.193028,5.660549605849434,6.324184863630592,12.5
S053,2024-10-11 17:10:14.193028,3.485439581041923,6.404827656195074,17.0
S053,2024-10-12 17:10:14.193028,3.485439581041923,6.404827656195074,17.0
S053,2024-10-13 17:10:14.193028,3.485439581041923,6.404827656195074,17.0
S053,2024-10-14 17:10:14.193028,3.485439581041923,6.404827656195074,17.0
S053,2024-10-15 17:10:14.193028,3.485439581041923,6.404827656195074,17.0
S053,2024-10-16 17:10:14.193028,3.485439581041923,6.404827656195074,17.0
S053,2024-10-17 17:10:14.193028,3.485439581041923,6.404827656195074,17.0
S054,2024-10-11 17:10:14.193028,3.697195891987373,5.712064610236254,11.0
S054,2024-10-12 17:10:14.193028,3.697195891987373,5.712064610236254,11.0
S054,2024-10-13 17:10:14.193028,3.697195891987373,5.712064610236254,11.0
S054,2024-10-14 17:10:14.193028,3.697195891987373,5.712064610236254,11.0
S054,2024-10-15 17:10:14.193028,3.697195891987373,5.712064610236254,11.0
S054,2024-10-16 17:10:14.193028,3.697195891987373,5.712064610236254,11.0
S054,2024-10-17 17:10:14.193028,3.697195891987373,5.712064610236254,11.0
S055,2024-10-11 17:10:14.193028,4.601882602879407,6.402326916376968,12.5
S055,2024-10-12 17:10:14.193028,4.601882602879407,6.402326916376968,12.5
S055,2024-10-13 17:10:14.193028,4.601882602879407,6.402326916376968,12.5
S055,2024-10-14 17:10:14.193028,4.601882602879407,6.402326916376968,12.5
S055,2024-10-15 17:10:14.193028,4.601882602879407,6.402326916376968,12.5
S055,2024-10-16 17:10:14.193028,4.601882602879407,6.402326916376968,12.5
S055,2024-10-17 17:10:14.193028,4.601882602879407,6.402326916376968,12.5
S056,2024-10-11 17:10:14.193028,4.642612277596785,3.634420421172295,9.5
S056,2024-10-12 17:10:14.193028,4.642612277596785,3.634420421172295,9.5
S056,2024-10-13 17:10:14.193028,4.642612277596785,3.634420421172295,9.5
S056,2024-10-14 17:10:14.193028,4.642612277596785,3.634420421172295,9.5
S056,2024-10-15 17:10:14.193028,4.642612277596785,3.634420421172295,9.5
S056,2024-10-16 17:10:14.193028,4.642612277596785,3.634420421172295,9.5
S056,2024-10-17 17:10:14.193028,4.642612277596785,3.634420421172295,9.5
S057,2024-10-11 17:10:14.193028,5.386609602420336,9.303267002259052,14.5
S057,2024-10-12 17:10:14.193028,5.386609602420336,9.303267002259052,14.5
S057,2024-10-13 17:10:14.193028,5.386609602420336,9.303267002259052,14.5
S057,2024-10-14 17:10:14.193028,5.386609602420336,9.303267002259052,14.5
S057,2024-10-15 17:10:14.193028,5.386609602420336,9.303267002259052,14.5
S057,2024-10-16 17:10:14.193028,5.386609602420336,9.303267002259052,14.5
S057,2024-10-17 17:10:14.193028,5.386609602420336,9.303267002259052,14.5
S058,2024-10-11 17:10:14.193028,4.496402533873226,6.271868096476249,12.5
S058,2024-10-12 17:10:14.193028,4.496402533873226,6.271868096476249,12.5
S058,2024-10-13 17:10:14.193028,4.496402533873226,6.271868096476249,12.5
S058,2024-10-14 17:10:14.193028,4.496402533873226,6.271868096476249,12.5
S058,2024-10-15 17:10:14.193028,4.496402533873226,6.271868096476249,12.5
S058,2024-10-16 17:10:14.193028,4.496402533873226,6.271868096476249,12.5
S058,2024-10-17 17:10:14.193028,4.496402533873226,6.271868096476249,12.5
S059,2024-10-11 17:10:14.193028,3.850780755127227,4.148152532699651,13.0
S059,2024-10-12 17:10:14.193028,3.850780755127227,4.148152532699651,13.0
S059,2024-10-13 17:10:14.193028,3.850780755127227,4.148152532699651,13.0
S059,2024-10-14 17:10:14.193028,3.850780755127227,4.148152532699651,13.0
S059,2024-10-15 17:10:14.193028,3.850780755127227,4.148152532699651,13.0
S059,2024-10-16 17:10:14.193028,3.850780755127227,4.148152532699651,13.0
S059,2024-10-17 17:10:14.193028,3.850780755127227,4.148152532699651,13.0
S060,2024-10-11 17:10:14.193028,4.339536185453431,5.1599415188634215,6.0
S060,2024-10-12 17:10:14.193028,4.339536185453431,5.1599415188634215,6.0
S060,2024-10-13 17:10:14.193028,4.339536185453431,5.1599415188634215,6.0
S060,2024-10-14 17:10:14.193028,4.339536185453431,5.1599415188634215,6.0
S060,2024-10-15 17:10:14.193028,4.339536185453431,5.1599415188634215,6.0
S060,2024-10-16 17:10:14.193028,4.339536185453431,5.1599415188634215,6.0
S060,2024-10-17 17:10:14.193028,4.339536185453431,5.1599415188634215,6.0
S061,2024-10-11 17:10:14.193028,3.6237997360283307,6.0441116100081125,14.0
S061,2024-10-12 17:10:14.193028,3.6237997360283307,6.0441116100081125,14.0
S061,2024-10-13 17:10:14.193028,3.6237997360283307,6.0441116100081125,14.0
S061,2024-10-14 17:10:14.193028,3.6237997360283307,6.0441116100081125,14.0
S061,2024-10-15 17:10:14.193028,3.6237997360283307,6.0441116100081125,14.0
S061,2024-10-16 17:10:14.193028,3.6237997360283307,6.0441116100081125,14.0
S061,2024-10-17 17:10:14.193028,3.6237997360283307,6.0441116100081125,14.0
S062,2024-10-11 17:10:14.193028,4.0636571669024395,6.7489139489458045,10.5
S062,2024-10-12 17:10:14.193028,4.0636571669024395,6.7489139489458045,10.5
S062,2024-10-13 17:10:14.193028,4.0636571669024395,6.7489139489458045,10.5
S062,2024-10-14 17:10:14.193028,4.0636571669024395,6.7489139489458045,10.5
S062,2024-10-15 17:10:14.193028,4.0636571669024395,6.7489139489458045,10.5
S062,2024-10-16 17:10:14.193028,4.0636571669024395,6.7489139489458045,10.5
S062,2024-10-17 17:10:14.193028,4.0636571669024395,6.7489139489458045,10.5
S063,2024-10-11 17:10:14.193028,4.124516265935845,4.203854267787265,9.5
S063,2024-10-12 17:10:14.193028,4.124516265935845,4.203854267787265,9.5
S063,2024-10-13 17:10:14.193028,4.124516265935845,4.203854267787265,9.5
S063,2024-10-14 17:10:14.193028,4.124516265935845,4.203854267787265,9.5
S063,2024-10-15 17:10:14.193028,4.124516265935845,4.203854267787265,9.5
S063,2024-10-16 17:10:14.193028,4.124516265935845,4.203854267787265,9.5
S063,2024-10-17 17:10:14.193028,4.124516265935845,4.203854267787265,9.5
S064,2024-10-11 17:10:14.193028,3.03764917085887,5.328681840705093,13.5
S064,2024-10-12 17:10:14.193028,3.03764917085887,5.328681840705093,13.5
S064,2024-10-13 17:10:14.193028,3.03764917085887,5.328681840705093,13.5
S064,2024-10-14 17:10:14.193028,3.03764917085887,5.328681840705093,13.5
S064,2024-10-15 17:10:14.193028,3.03764917085887,5.328681840705093,13.5
S064,2024-10-16 17:10:14.193028,3.03764917085887,5.328681840705093,13.5
S064,2024-10-17 17:10:14.193028,3.03764917085887,5.328681840705093,13.5
S065,2024-10-11 17:10:14.193028,4.920466907532191,6.486147224609505,13.5
S065,2024-10-12 17:10:14.193028,4.920466907532191,6.486147224609505,13.5
S065,2024-10-13 17:10:14.193028,4.920466907532191,6.486147224609505,13.5
S065,2024-10-14 17:10:14.193028,4.920466907532191,6.486147224609505,13.5
S065,2024-10-15 17:10:14.193028,4.920466907532191,6.486147224609505,13.5
S065,2024-10-16 17:10:14.193028,4.920466907532191,6.486147224609505,13.5
S065,2024-10-17 17:10:14.193028,4.920466907532191,6.486147224609505,13.5
S066,2024-10-11 17:10:14.193028,5.0737607493764045,9.03305278371609,10.5
S066,2024-10-12 17:10:14.193028,5.0737607493764045,9.03305278371609,10.5
S066,2024-10-13 17:10:14.193028,5.0737607493764045,9.03305278371609,10.5
S066,2024-10-14 17:10:14.193028,5.0737607493764045,9.03305278371609,10.5
S066,2024-10-15 17:10:14.193028,5.0737607493764045,9.03305278371609,10.5
S066,2024-10-16 17:10:14.193028,5.0737607493764045,9.03305278371609,10.5
S066,2024-10-17 17:10:14.193028,5.0737607493764045,9.03305278371609,10.5
S067,2024-10-11 17:10:14.193028,3.465929571213997,4.2944408765981645,13.0
S067,2024-10-12 17:10:14.193028,3.465929571213997,4.2944408765981645,13.0
S067,2024-10-13 17:10:14.193028,3.465929571213997,4.2944408765981645,13.0
S067,2024-10-14 17:10:14.193028,3.465929571213997,4.2944408765981645,13.0
S067,2024-10-15 17:10:14.193028,3.465929571213997,4.2944408765981645,13.0
S067,2024-10-16 17:10:14.193028,3.465929571213997,4.2944408765981645,13.0
S067,2024-10-17 17:10:14.193028,3.465929571213997,4.2944408765981645,13.0
S068,2024-10-11 17:10:14.193028,6.2785439067079185,9.988498000630845,12.5
S068,2024-10-12 17:10:14.193028,6.2785439067079185,9.988498000630845,12.5
S068,2024-10-13 17:10:14.193028,6.2785439067079185,9.988498000630845,12.5
S068,2024-10-14 17:10:14.193028,6.2785439067079185,9.988498000630845,12.5
S068,2024-10-15 17:10:14.193028,6.2785439067079185,9.988498000630845,12.5
S068,2024-10-16 17:10:14.193028,6.2785439067079185,9.988498000630845,12.5
S068,2024-10-17 17:10:14.193028,6.2785439067079185,9.988498000630845,12.5
S069,2024-10-11 17:10:14.193028,7.081046677344466,9.179238194999717,11.0
S069,2024-10-12 17:10:14.193028,7.081046677344466,9.179238194999717,11.0
S069,2024-10-13 17:10:14.193028,7.081046677344466,9.179238194999717,11.0
S069,2024-10-14 17:10:14.193028,7.081046677344466,9.179238194999717,11.0
S069,2024-10-15 17:10:14.193028,7.081046677344466,9.179238194999717,11.0
S069,2024-10-16 17:10:14.193028,7.081046677344466,9.179238194999717,11.0
S069,2024-10-17 17:10:14.193028,7.081046677344466,9.179238194999717,11.0
S070,2024-10-11 17:10:14.193028,3.9635336428434056,5.721997208298852,12.5
S070,2024-10-12 17:10:14.193028,3.9635336428434056,5.721997208298852,12.5
S070,2024-10-13 17:10:14.193028,3.9635336428434056,5.721997208298852,12.5
S070,2024-10-14 17:10:14.193028,3.9635336428434056,5.721997208298852,12.5
S070,2024-10-15 17:10:14.193028,3.9635336428434056,5.721997208298852,12.5
S070,2024-10-16 17:10:14.193028,3.9635336428434056,5.721997208298852,12.5
S070,2024-10-17 17:10:14.193028,3.9635336428434056,5.721997208298852,12.5
S071,2024-10-11 17:10:14.193028,4.830847760502797,4.729339204170408,12.0
S071,2024-10-12 17:10:14.193028,4.830847760502797,4.729339204170408,12.0
S071,2024-10-13 17:10:14.193028,4.830847760502797,4.729339204170408,12.0
S071,2024-10-14 17:10:14.193028,4.830847760502797,4.729339204170408,12.0
S071,2024-10-15 17:10:14.193028,4.830847760502797,4.729339204170408,12.0
S071,2024-10-16 17:10:14.193028,4.830847760502797,4.729339204170408,12.0
S071,2024-10-17 17:10:14.193028,4.830847760502797,4.729339204170408,12.0
S072,2024-10-11 17:10:14.193028,4.951932943879484,4.096860809394681,9.5
S072,2024-10-12 17:10:14.193028,4.951932943879484,4.096860809394681,9.5
S072,2024-10-13 17:10:14.193028,4.951932943879484,4.096860809394681,9.5
S072,2024-10-14 17:10:14.193028,4.951932943879484,4.096860809394681,9.5
S072,2024-10-15 17:10:14.193028,4.951932943879484,4.096860809394681,9.5
S072,2024-10-16 17:10:14.193028,4.951932943879484,4.096860809394681,9.5
S072,2024-10-17 17:10:14.193028,4.951932943879484,4.096860809394681,9.5
S073,2024-10-11 17:10:14.193028,2.093402248653534,3.852418816100333,15.0
S073,2024-10-12 17:10:14.193028,2.093402248653534,3.852418816100333,15.0
S073,2024-10-13 17:10:14.193028,2.093402248653534,3.852418816100333,15.0
S073,2024-10-14 17:10:14.193028,2.093402248653534,3.852418816100333,15.0
S073,2024-10-15 17:10:14.193028,2.093402248653534,3.852418816100333,15.0
S073,2024-10-16 17:10:14.193028,2.093402248653534,3.852418816100333,15.0
S073,2024-10-17 17:10:14.193028,2.093402248653534,3.852418816100333,15.0
S074,2024-10-11 17:10:14.193028,5.556576547109364,9.872773711658887,17.0
S074,2024-10-12 17:10:14.193028,5.556576547109364,9.872773711658887,17.0
S074,2024-10-13 17:10:14.193028,5.556576547109364,9.872773711658887,17.0
S074,2024-10-14 17:10:14.193028,5.556576547109364,9.872773711658887,17.0
S074,2024-10-15 17:10:14.193028,5.556576547109364,9.872773711658887,17.0
S074,2024-10-16 17:10:14.193028,5.556576547109364,9.872773711658887,17.0
S074,2024-10-17 17:10:14.193028,5.556576547109364,9.872773711658887,17.0
S075,2024-10-11 17:10:14.193028,4.762543543447061,3.1301047179650077,16.0
S075,2024-10-12 17:10:14.193028,4.762543543447061,3.1301047179650077,16.0
S075,2024-10-13 17:10:14.193028,4.762543543447061,3.1301047179650077,16.0
S075,2024-10-14 17:10:14.193028,4.762543543447061,3.1301047179650077,16.0
S075,2024-10-15 17:10:14.193028,4.762543543447061,3.1301047179650077,16.0
S075,2024-10-16 17:10:14.193028,4.762543543447061,3.1301047179650077,16.0
S075,2024-10-17 17:10:14.193028,4.762543543447061,3.1301047179650077,16.0
S076,2024-10-11 17:10:14.193028,4.056695861686914,3.5007431688102018,12.5
S076,2024-10-12 17:10:14.193028,4.056695861686914,3.5007431688102018,12.5
S076,2024-10-13 17:10:14.193028,4.056695861686914,3.5007431688102018,12.5
S076,2024-10-14 17:10:14.193028,4.056695861686914,3.5007431688102018,12.5
S076,2024-10-15 17:10:14.193028,4.056695861686914,3.5007431688102018,12.5
S076,2024-10-16 17:10:14.193028,4.056695861686914,3.5007431688102018,12.5
S076,2024-10-17 17:10:14.193028,4.056695861686914,3.5007431688102018,12.5
S077,2024-10-11 17:10:14.193028,5.192626811225402,7.9663781869657475,9.5
S077,2024-10-12 17:10:14.193028,5.192626811225402,7.9663781869657475,9.5
S077,2024-10-13 17:10:14.193028,5.192626811225402,7.9663781869657475,9.5
S077,2024-10-14 17:10:14.193028,5.192626811225402,7.9663781869657475,9.5
S077,2024-10-15 17:10:14.193028,5.192626811225402,7.9663781869657475,9.5
S077,2024-10-16 17:10:14.193028,5.192626811225402,7.9663781869657475,9.5
S077,2024-10-17 17:10:14.193028,5.192626811225402,7.9663781869657475,9.5
S078,2024-10-11 17:10:14.193028,3.3656604472454035,4.241447835694295,8.0
S078,2024-10-12 17:10:14.193028,3.3656604472454035,4.241447835694295,8.0
S078,2024-10-13 17:10:14.193028,3.3656604472454035,4.241447835694295,8.0
S078,2024-10-14 17:10:14.193028,3.3656604472454035,4.241447835694295,8.0
S078,2024-10-15 17:10:14.193028,3.3656604472454035,4.241447835694295,8.0
S078,2024-10-16 17:10:14.193028,3.3656604472454035,4.241447835694295,8.0
S078,2024-10-17 17:10:14.193028,3.3656604472454035,4.241447835694295,8.0
S079,2024-10-11 17:10:14.193028,6.177480669220055,6.289787551178236,13.0
S079,2024-10-12 17:10:14.193028,6.177480669220055,6.289787551178236,13.0
S079,2024-10-13 17:10:14.193028,6.177480669220055,6.289787551178236,13.0
S079,2024-10-14 17:10:14.193028,6.177480669220055,6.289787551178236,13.0
S079,2024-10-15 17:10:14.193028,6.177480669220055,6.289787551178236,13.0
S079,2024-10-16 17:10:14.193028,6.177480669220055,6.289787551178236,13.0
S079,2024-10-17 17:10:14.193028,6.177480669220055,6.289787551178236,13.0
S080,2024-10-11 17:10:14.193028,7.580367191567614,8.77992754450617,13.0
S080,2024-10-12 17:10:14.193028,7.580367191567614,8.77992754450617,13.0
S080,2024-10-13 17:10:14.193028,7.580367191567614,8.77992754450617,13.0
S080,2024-10-14 17:10:14.193028,7.580367191567614,8.77992754450617,13.0
S080,2024-10-15 17:10:14.193028,7.580367191567614,8.77992754450617,13.0
S080,2024-10-16 17:10:14.193028,7.580367191567614,8.77992754450617,13.0
S080,2024-10-17 17:10:14.193028,7.580367191567614,8.77992754450617,13.0
S081,2024-10-11 17:10:14.193028,2.3147905352545246,4.922027789031316,12.0
S081,2024-10-12 17:10:14.193028,2.3147905352545246,4.922027789031316,12.0
S081,2024-10-13 17:10:14.193028,2.3147905352545246,4.922027789031316,12.0
S081,2024-10-14 17:10:14.193028,2.3147905352545246,4.922027789031316,12.0
S081,2024-10-15 17:10:14.193028,2.3147905352545246,4.922027789031316,12.0
S081,2024-10-16 17:10:14.193028,2.3147905352545246,4.922027789031316,12.0
S081,2024-10-17 17:10:14.193028,2.3147905352545246,4.922027789031316,12.0
S082,2024-10-11 17:10:14.193028,3.8544672029543574,4.995552613805424,15.0
S082,2024-10-12 17:10:14.193028,3.8544672029543574,4.995552613805424,15.0
S082,2024-10-13 17:10:14.193028,3.8544672029543574,4.995552613805424,15.0
S082,2024-10-14 17:10:14.193028,3.8544672029543574,4.995552613805424,15.0
S082,2024-10-15 17:10:14.193028,3.8544672029543574,4.995552613805424,15.0
S082,2024-10-16 17:10:14.193028,3.8544672029543574,4.995552613805424,15.0
S082,2024-10-17 17:10:14.193028,3.8544672029543574,4.995552613805424,15.0
S083,2024-10-11 17:10:14.193028,3.553134930154134,4.305845232975967,14.0
S083,2024-10-12 17:10:14.193028,3.553134930154134,4.305845232975967,14.0
S083,2024-10-13 17:10:14.193028,3.553134930154134,4.305845232975967,14.0
S083,2024-10-14 17:10:14.193028,3.553134930154134,4.305845232975967,14.0
S083,2024-10-15 17:10:14.193028,3.553134930154134,4.305845232975967,14.0
S083,2024-10-16 17:10:14.193028,3.553134930154134,4.305845232975967,14.0
S083,2024-10-17 17:10:14.193028,3.553134930154134,4.305845232975967,14.0
S084,2024-10-11 17:10:14.193028,2.0996093263741,4.402507724836723,11.0
S084,2024-10-12 17:10:14.193028,2.0996093263741,4.402507724836723,11.0
S084,2024-10-13 17:10:14.193028,2.0996093263741,4.402507724836723,11.0
S084,2024-10-14 17:10:14.193028,2.0996093263741,4.402507724836723,11.0
S084,2024-10-15 17:10:14.193028,2.0996093263741,4.402507724836723,11.0
S084,2024-10-16 17:10:14.193028,2.0996093263741,4.402507724836723,11.0
S084,2024-10-17 17:10:14.193028,2.0996093263741,4.402507724836723,11.0
S085,2024-10-11 17:10:14.193028,2.3981472621291813,4.587693104806384,14.5
S085,2024-10-12 17:10:14.193028,2.3981472621291813,4.587693104806384,14.5
S085,2024-10-13 17:10:14.193028,2.3981472621291813,4.587693104806384,14.5
S085,2024-10-14 17:10:14.193028,2.3981472621291813,4.587693104806384,14.5
S085,2024-10-15 17:10:14.193028,2.3981472621291813,4.587693104806384,14.5
S085,2024-10-16 17:10:14.193028,2.3981472621291813,4.587693104806384,14.5
S085,2024-10-17 17:10:14.193028,2.3981472621291813,4.587693104806384,14.5
S086,2024-10-11 17:10:14.193028,2.313703521003201,3.669930329036279,11.0
S086,2024-10-12 17:10:14.193028,2.313703521003201,3.669930329036279,11.0
S086,2024-10-13 17:10:14.193028,2.313703521003201,3.669930329036279,11.0
S086,2024-10-14 17:10:14.193028,2.313703521003201,3.669930329036279,11.0
S086,2024-10-15 17:10:14.193028,2.313703521003201,3.669930329036279,11.0
S086,2024-10-16 17:10:14.193028,2.313703521003201,3.669930329036279,11.0
S086,2024-10-17 17:10:14.193028,2.313703521003201,3.669930329036279,11.0
S087,2024-10-11 17:10:14.193028,2.155913850954417,6.744848984974759,19.0
S087,2024-10-12 17:10:14.193028,2.155913850954417,6.744848984974759,19.0
S087,2024-10-13 17:10:14.193028,2.155913850954417,6.744848984974759,19.0
S087,2024-10-14 17:10:14.193028,2.155913850954417,6.744848984974759,19.0
S087,2024-10-15 17:10:14.193028,2.155913850954417,6.744848984974759,19.0
S087,2024-10-16 17:10:14.193028,2.155913850954417,6.744848984974759,19.0
S087,2024-10-17 17:10:14.193028,2.155913850954417,6.744848984974759,19.0
S088,2024-10-11 17:10:14.193028,2.2403445391540253,6.2593004549860485,12.5
S088,2024-10-12 17:10:14.193028,2.2403445391540253,6.2593004549860485,12.5
S088,2024-10-13 17:10:14.193028,2.2403445391540253,6.2593004549860485,12.5
S088,2024-10-14 17:10:14.193028,2.2403445391540253,6.2593004549860485,12.5
S088,2024-10-15 17:10:14.193028,2.2403445391540253,6.2593004549860485,12.5
S088,2024-10-16 17:10:14.193028,2.2403445391540253,6.2593004549860485,12.5
S088,2024-10-17 17:10:14.193028,2.2403445391540253,6.2593004549860485,12.5
S089,2024-10-11 17:10:14.193028,4.194768565265996,5.105610643744453,10.5
S089,2024-10-12 17:10:14.193028,4.194768565265996,5.105610643744453,10.5
S089,2024-10-13 17:10:14.193028,4.194768565265996,5.105610643744453,10.5
S089,2024-10-14 17:10:14.193028,4.194768565265996,5.105610643744453,10.5
S089,2024-10-15 17:10:14.193028,4.194768565265996,5.105610643744453,10.5
S089,2024-10-16 17:10:14.193028,4.194768565265996,5.105610643744453,10.5
S089,2024-10-17 17:10:14.193028,4.194768565265996,5.105610643744453,10.5
S090,2024-10-11 17:10:14.193028,2.7413097020304393,3.241408335962255,11.0
S090,2024-10-12 17:10:14.193028,2.7413097020304393,3.241408335962255,11.0
S090,2024-10-13 17:10:14.193028,2.7413097020304393,3.241408335962255,11.0
S090,2024-10-14 17:10:14.193028,2.7413097020304393,3.241408335962255,11.0
S090,2024-10-15 17:10:14.193028,2.7413097020304393,3.241408335962255,11.0
S090,2024-10-16 17:10:14.193028,2.7413097020304393,3.241408335962255,11.0
S090,2024-10-17 17:10:14.193028,2.7413097020304393,3.241408335962255,11.0
S091,2024-10-11 17:10:14.193028,3.0106873753133208,6.903461023276526,12.0
S091,2024-10-12 17:10:14.193028,3.0106873753133208,6.903461023276526,12.0
S091,2024-10-13 17:10:14.193028,3.0106873753133208,6.903461023276526,12.0
S091,2024-10-14 17:10:14.193028,3.0106873753133208,6.903461023276526,12.0
S091,2024-10-15 17:10:14.193028,3.0106873753133208,6.903461023276526,12.0
S091,2024-10-16 17:10:14.193028,3.0106873753133208,6.903461023276526,12.0
S091,2024-10-17 17:10:14.193028,3.0106873753133208,6.903461023276526,12.0
S092,2024-10-11 17:10:14.193028,6.666090652812894,7.992782865812556,11.5
S092,2024-10-12 17:10:14.193028,6.666090652812894,7.992782865812556,11.5
S092,2024-10-13 17:10:14.193028,6.666090652812894,7.992782865812556,11.5
S092,2024-10-14 17:10:14.193028,6.666090652812894,7.992782865812556,11.5
S092,2024-10-15 17:10:14.193028,6.666090652812894,7.992782865812556,11.5
S092,2024-10-16 17:10:14.193028,6.666090652812894,7.992782865812556,11.5
S092,2024-10-17 17:10:14.193028,6.666090652812894,7.992782865812556,11.5
S093,2024-10-11 17:10:14.193028,4.040684727293874,3.7981698037165805,10.0
S093,2024-10-12 17:10:14.193028,4.040684727293874,3.7981698037165805,10.0
S093,2024-10-13 17:10:14.193028,4.040684727293874,3.7981698037165805,10.0
S093,2024-10-14 17:10:14.193028,4.040684727293874,3.7981698037165805,10.0
S093,2024-10-15 17:10:14.193028,4.040684727293874,3.7981698037165805,10.0
S093,2024-10-16 17:10:14.193028,4.040684727293874,3.7981698037165805,10.0
S093,2024-10-17 17:10:14.193028,4.040684727293874,3.7981698037165805,10.0
S094,2024-10-11 17:10:14.193028,2.773048665533641,3.1226100088232243,14.0
S094,2024-10-12 17:10:14.193028,2.773048665533641,3.1226100088232243,14.0
S094,2024-10-13 17:10:14.193028,2.773048665533641,3.1226100088232243,14.0
S094,2024-10-14 17:10:14.193028,2.773048665533641,3.1226100088232243,14.0
S094,2024-10-15 17:10:14.193028,2.773048665533641,3.1226100088232243,14.0
S094,2024-10-16 17:10:14.193028,2.773048665533641,3.1226100088232243,14.0
S094,2024-10-17 17:10:14.193028,2.773048665533641,3.1226100088232243,14.0
S095,2024-10-11 17:10:14.193028,3.113116288953808,4.383739970187852,10.5
S095,2024-10-12 17:10:14.193028,3.113116288953808,4.383739970187852,10.5
S095,2024-10-13 17:10:14.193028,3.113116288953808,4.383739970187852,10.5
S095,2024-10-14 17:10:14.193028,3.113116288953808,4.383739970187852,10.5
S095,2024-10-15 17:10:14.193028,3.113116288953808,4.383739970187852,10.5
S095,2024-10-16 17:10:14.193028,3.113116288953808,4.383739970187852,10.5
S095,2024-10-17 17:10:14.193028,3.113116288953808,4.383739970187852,10.5
S096,2024-10-11 17:10:14.193028,3.7360262257171803,6.468125984489794,11.5
S096,2024-10-12 17:10:14.193028,3.7360262257171803,6.468125984489794,11.5
S096,2024-10-13 17:10:14.193028,3.7360262257171803,6.468125984489794,11.5
S096,2024-10-14 17:10:14.193028,3.7360262257171803,6.468125984489794,11.5
S096,2024-10-15 17:10:14.193028,3.7360262257171803,6.468125984489794,11.5
S096,2024-10-16 17:10:14.193028,3.7360262257171803,6.468125984489794,11.5
S096,2024-10-17 17:10:14.193028,3.7360262257171803,6.468125984489794,11.5
S097,2024-10-11 17:10:14.193028,3.2651627806203662,6.602807456045034,15.5
S097,2024-10-12 17:10:14.193028,3.2651627806203662,6.602807456045034,15.5
S097,2024-10-13 17:10:14.193028,3.2651627806203662,6.602807456045034,15.5
S097,2024-10-14 17:10:14.193028,3.2651627806203662,6.602807456045034,15.5
S097,2024-10-15 17:10:14.193028,3.2651627806203662,6.602807456045034,15.5
S097,2024-10-16 17:10:14.193028,3.2651627806203662,6.602807456045034,15.5
S097,2024-10-17 17:10:14.193028,3.2651627806203662,6.602807456045034,15.5
S098,2024-10-11 17:10:14.193028,3.8946806602775617,5.491866334253931,10.0
S098,2024-10-12 17:10:14.193028,3.8946806602775617,5.491866334253931,10.0
S098,2024-10-13 17:10:14.193028,3.8946806602775617,5.491866334253931,10.0
S098,2024-10-14 17:10:14.193028,3.8946806602775617,5.491866334253931,10.0
S098,2024-10-15 17:10:14.193028,3.8946806602775617,5.491866334253931,10.0
S098,2024-10-16 17:10:14.193028,3.8946806602775617,5.491866334253931,10.0
S098,2024-10-17 17:10:14.193028,3.8946806602775617,5.491866334253931,10.0
S099,2024-10-11 17:10:14.193028,7.727097561996922,8.863299858728354,11.0
S099,2024-10-12 17:10:14.193028,7.727097561996922,8.863299858728354,11.0
S099,2024-10-13 17:10:14.193028,7.727097561996922,8.863299858728354,11.0
S099,2024-10-14 17:10:14.193028,7.727097561996922,8.863299858728354,11.0
S099,2024-10-15 17:10:14.193028,7.727097561996922,8.863299858728354,11.0
S099,2024-10-16 17:10:14.193028,7.727097561996922,8.863299858728354,11.0
S099,2024-10-17 17:10:14.193028,7.727097561996922,8.863299858728354,11.0
S100,2024-10-11 17:10:14.193028,5.54293085812847,9.885580376166558,10.5
S100,2024-10-12 17:10:14.193028,5.54293085812847,9.885580376166558,10.5
S100,2024-10-13 17:10:14.193028,5.54293085812847,9.885580376166558,10.5
S100,2024-10-14 17:10:14.193028,5.54293085812847,9.885580376166558,10.5
S100,2024-10-15 17:10:14.193028,5.54293085812847,9.885580376166558,10.5
S100,2024-10-16 17:10:14.193028,5.54293085812847,9.885580376166558,10.5
S100,2024-10-17 17:10:14.193028,5.54293085812847,9.885580376166558,10.5
